Site,Footer Content
https://www.busforfun.com/,"Perchè Busforfun?
I nostri Vantaggi
WOWnature
Casi di Successo
BusForFun in numeri
Partner
Destinazioni
Bruce Springsteen & The E Street Band
Ed Sheeran
Formula 1 - Imola
Metallica
Moto GP - Mugello
Busforfun
Chi Siamo
Dicono di noi
Lavora con noi
Commuting
Recensioni
Bisogno di aiuto?
FAQ
Termini e condizioni generali
Privacy Policy
Cookies Policy
Contatti
Busforfun è un Marchio di Busforfun.com srl | Via Jacopo Salamonio, 3 | Venezia | P.I. 04322330277
Busforfun® opera con autorizzazione della Città Metropolitana di Venezia Prot. 2015/103375 del 17/12/2015 con polizza numero 8930822 di Europ Assistance Italia S.p.A.
Busforfun.com @All Right Reserved
Credits: mapostudio.com
Privacy policy | Legal notice | Cookies"
https://www.kilometrorosso.com/,"Kilometro Rosso SpA
Via Stezzano, 87
24126 Bergamo (BG) - Italy
Mail: info@kilometrorosso.com
Tel: (+39) 035 591100
Fax: (+39) 035 0432351
Campus
Innovation District
Campus Life
Storia e architettura
Servizi
Technology transfer
Funding strategy
Knowledge sharing
Networking
Aziende
Cluster tecnologici
Success Stories
Spazio Eventi
Spazio Eventi
Calendario Eventi
torna su
Seguici sui nostri canali social
© Kilometro Rosso SpA – P.IVA 02801580164 – Numero REA: BG-323917 – Capitale sociale I.V. 20.000.000,00€PrivacyCodice eticoPolitica qualitàAgenzia di comunicazione
ITEN"
